frequency,raw,error,smoothed,error_smoothed,equalization,parametric_eq,equalized_raw,equalized_smoothed,target
20.00,-8.11,-4.10,-8.11,-4.10,4.14,4.12,-3.97,-3.97,-4.02
20.20,-8.08,-4.10,-8.08,-4.10,4.08,4.05,-4.01,-4.01,-3.99
20.40,-7.98,-4.03,-7.98,-4.03,4.01,3.98,-3.98,-3.98,-3.95
20.61,-7.88,-3.97,-7.88,-3.97,3.93,3.91,-3.95,-3.95,-3.92
20.81,-7.73,-3.87,-7.73,-3.87,3.86,3.84,-3.87,-3.87,-3.87
21.02,-7.62,-3.79,-7.62,-3.79,3.79,3.77,-3.84,-3.84,-3.84
21.23,-7.48,-3.71,-7.48,-3.71,3.71,3.70,-3.77,-3.77,-3.78
21.44,-7.37,-3.63,-7.37,-3.63,3.63,3.62,-3.74,-3.74,-3.74
21.66,-7.23,-3.54,-7.23,-3.54,3.55,3.55,-3.69,-3.69,-3.70
21.87,-7.12,-3.46,-7.12,-3.46,3.46,3.48,-3.66,-3.66,-3.66
22.09,-6.99,-3.39,-6.99,-3.39,3.38,3.40,-3.61,-3.61,-3.61
22.31,-6.87,-3.30,-6.87,-3.30,3.30,3.33,-3.57,-3.57,-3.57
22.54,-6.75,-3.23,-6.75,-3.23,3.22,3.25,-3.54,-3.54,-3.53
22.76,-6.62,-3.13,-6.62,-3.13,3.14,3.18,-3.48,-3.48,-3.49
22.99,-6.50,-3.06,-6.50,-3.06,3.06,3.10,-3.44,-3.44,-3.45
23.22,-6.37,-2.97,-6.37,-2.97,2.98,3.02,-3.39,-3.39,-3.41
23.45,-6.27,-2.92,-6.27,-2.92,2.90,2.94,-3.37,-3.37,-3.36
23.69,-6.16,-2.84,-6.16,-2.84,2.82,2.87,-3.34,-3.34,-3.33
23.92,-6.02,-2.74,-6.02,-2.74,2.74,2.79,-3.28,-3.28,-3.28
24.16,-5.90,-2.67,-5.90,-2.67,2.66,2.71,-3.24,-3.24,-3.24
24.40,-5.77,-2.57,-5.77,-2.57,2.58,2.63,-3.19,-3.19,-3.20
24.65,-5.65,-2.49,-5.65,-2.49,2.49,2.54,-3.16,-3.16,-3.17
24.89,-5.52,-2.41,-5.52,-2.41,2.41,2.46,-3.11,-3.11,-3.11
25.14,-5.41,-2.33,-5.41,-2.33,2.32,2.38,-3.09,-3.09,-3.08
25.39,-5.30,-2.25,-5.30,-2.25,2.24,2.30,-3.06,-3.06,-3.05
25.65,-5.17,-2.15,-5.17,-2.15,2.16,2.21,-3.02,-3.02,-3.03
25.91,-5.07,-2.08,-5.07,-2.08,2.07,2.13,-3.00,-3.00,-3.00
26.16,-4.94,-1.99,-4.94,-1.99,1.99,2.04,-2.95,-2.95,-2.95
26.43,-4.82,-1.91,-4.82,-1.91,1.91,1.95,-2.92,-2.92,-2.92
26.69,-4.69,-1.82,-4.69,-1.82,1.82,1.85,-2.87,-2.87,-2.88
26.96,-4.59,-1.75,-4.59,-1.75,1.74,1.76,-2.86,-2.86,-2.85
27.23,-4.47,-1.66,-4.47,-1.66,1.65,1.65,-2.82,-2.82,-2.82
27.50,-4.34,-1.56,-4.34,-1.56,1.56,1.53,-2.78,-2.78,-2.79
27.77,-4.23,-1.48,-4.23,-1.48,1.48,1.39,-2.76,-2.76,-2.75
28.05,-4.11,-1.39,-4.11,-1.39,1.39,1.24,-2.72,-2.72,-2.73
28.33,-3.99,-1.30,-3.99,-1.30,1.30,1.09,-2.69,-2.69,-2.70
28.62,-3.88,-1.21,-3.88,-1.21,1.22,0.96,-2.67,-2.67,-2.68
28.90,-3.76,-1.13,-3.76,-1.13,1.13,0.94,-2.63,-2.63,-2.64
29.19,-3.65,-1.06,-3.65,-1.06,1.05,0.93,-2.61,-2.61,-2.60
29.48,-3.53,-0.95,-3.53,-0.95,0.96,0.90,-2.57,-2.57,-2.58
29.78,-3.43,-0.90,-3.43,-0.90,0.88,0.86,-2.56,-2.56,-2.54
30.08,-3.32,-0.80,-3.32,-0.80,0.79,0.80,-2.53,-2.53,-2.53
30.38,-3.19,-0.70,-3.19,-0.70,0.71,0.74,-2.49,-2.49,-2.50
30.68,-3.08,-0.62,-3.08,-0.62,0.62,0.66,-2.46,-2.46,-2.47
30.99,-2.97,-0.53,-2.97,-0.53,0.53,0.59,-2.44,-2.44,-2.45
31.30,-2.87,-0.47,-2.87,-0.47,0.45,0.51,-2.43,-2.43,-2.41
31.61,-2.75,-0.36,-2.75,-0.36,0.36,0.42,-2.39,-2.39,-2.40
31.93,-2.63,-0.28,-2.63,-0.28,0.28,0.34,-2.35,-2.35,-2.36
32.24,-2.52,-0.19,-2.52,-0.19,0.20,0.26,-2.32,-2.32,-2.33
32.57,-2.41,-0.11,-2.41,-0.11,0.12,0.17,-2.30,-2.30,-2.31
32.89,-2.31,-0.04,-2.31,-0.04,0.03,0.09,-2.28,-2.28,-2.28
33.22,-2.21,0.03,-2.21,0.03,-0.05,0.01,-2.26,-2.26,-2.25
33.55,-2.10,0.11,-2.10,0.11,-0.13,-0.08,-2.23,-2.23,-2.21
33.89,-1.96,0.21,-1.96,0.21,-0.21,-0.16,-2.17,-2.17,-2.18
34.23,-1.86,0.30,-1.86,0.30,-0.29,-0.25,-2.15,-2.15,-2.17
34.57,-1.75,0.36,-1.75,0.36,-0.37,-0.33,-2.12,-2.12,-2.12
34.92,-1.65,0.45,-1.65,0.45,-0.44,-0.42,-2.10,-2.10,-2.11
35.27,-1.55,0.52,-1.55,0.52,-0.52,-0.50,-2.08,-2.08,-2.08
35.62,-1.44,0.60,-1.44,0.60,-0.60,-0.58,-2.05,-2.05,-2.05
35.97,-1.34,0.68,-1.34,0.68,-0.68,-0.67,-2.02,-2.02,-2.02
36.33,-1.24,0.74,-1.24,0.74,-0.76,-0.75,-2.00,-2.00,-1.99
36.70,-1.13,0.84,-1.13,0.84,-0.83,-0.84,-1.97,-1.97,-1.98
37.06,-1.03,0.90,-1.03,0.90,-0.91,-0.92,-1.94,-1.94,-1.94
37.43,-0.93,1.00,-0.93,1.00,-0.99,-1.00,-1.92,-1.92,-1.93
37.81,-0.82,1.06,-0.82,1.06,-1.07,-1.08,-1.89,-1.89,-1.89
38.19,-0.72,1.15,-0.72,1.15,-1.15,-1.16,-1.87,-1.87,-1.88
38.57,-0.62,1.22,-0.62,1.22,-1.23,-1.25,-1.85,-1.85,-1.85
38.95,-0.51,1.32,-0.51,1.32,-1.30,-1.33,-1.82,-1.82,-1.83
39.34,-0.41,1.38,-0.41,1.38,-1.38,-1.41,-1.79,-1.79,-1.80
39.74,-0.33,1.46,-0.33,1.46,-1.46,-1.49,-1.79,-1.79,-1.80
40.14,-0.23,1.51,-0.23,1.51,-1.54,-1.57,-1.77,-1.77,-1.75
40.54,-0.12,1.62,-0.12,1.62,-1.62,-1.65,-1.74,-1.74,-1.75
40.94,-0.04,1.70,-0.04,1.70,-1.70,-1.73,-1.74,-1.74,-1.75
41.35,0.06,1.76,0.06,1.76,-1.78,-1.81,-1.72,-1.72,-1.71
41.76,0.16,1.86,0.16,1.86,-1.86,-1.88,-1.70,-1.70,-1.71
42.18,0.25,1.95,0.25,1.95,-1.94,-1.96,-1.69,-1.69,-1.71
42.60,0.35,2.05,0.35,2.05,-2.02,-2.04,-1.67,-1.67,-1.70
43.03,0.41,2.07,0.41,2.07,-2.10,-2.12,-1.69,-1.69,-1.67
43.46,0.51,2.16,0.51,2.16,-2.18,-2.19,-1.67,-1.67,-1.66
43.90,0.60,2.25,0.60,2.25,-2.26,-2.27,-1.66,-1.66,-1.66
44.33,0.67,2.32,0.67,2.32,-2.34,-2.34,-1.67,-1.67,-1.66
44.78,0.78,2.43,0.78,2.43,-2.41,-2.42,-1.64,-1.64,-1.66
45.23,0.86,2.51,0.86,2.51,-2.49,-2.49,-1.64,-1.64,-1.66
45.68,0.94,2.58,0.94,2.58,-2.57,-2.57,-1.64,-1.64,-1.65
46.13,1.04,2.65,1.04,2.65,-2.65,-2.64,-1.62,-1.62,-1.62
46.60,1.10,2.70,1.10,2.70,-2.73,-2.71,-1.63,-1.63,-1.61
47.06,1.21,2.81,1.21,2.81,-2.80,-2.78,-1.60,-1.60,-1.61
47.53,1.27,2.87,1.27,2.87,-2.88,-2.85,-1.61,-1.61,-1.61
48.01,1.36,2.96,1.36,2.96,-2.95,-2.93,-1.59,-1.59,-1.61
48.49,1.43,3.02,1.43,3.02,-3.02,-3.00,-1.59,-1.59,-1.60
48.97,1.51,3.07,1.51,3.07,-3.09,-3.06,-1.58,-1.58,-1.57
49.46,1.59,3.15,1.59,3.15,-3.15,-3.13,-1.56,-1.56,-1.57
49.96,1.66,3.22,1.66,3.22,-3.22,-3.20,-1.56,-1.56,-1.57
50.46,1.73,3.29,1.73,3.29,-3.28,-3.27,-1.55,-1.55,-1.57
50.96,1.81,3.32,1.81,3.32,-3.34,-3.34,-1.53,-1.53,-1.52
51.47,1.88,3.39,1.88,3.39,-3.40,-3.40,-1.52,-1.52,-1.52
51.99,1.95,3.46,1.95,3.46,-3.45,-3.47,-1.51,-1.51,-1.52
52.51,2.02,3.52,2.02,3.52,-3.51,-3.53,-1.50,-1.50,-1.51
53.03,2.10,3.56,2.10,3.56,-3.57,-3.60,-1.48,-1.48,-1.47
53.56,2.17,3.63,2.17,3.63,-3.64,-3.66,-1.47,-1.47,-1.47
54.10,2.24,3.70,2.24,3.70,-3.70,-3.73,-1.46,-1.46,-1.47
54.64,2.30,3.76,2.30,3.76,-3.77,-3.79,-1.47,-1.47,-1.47
55.18,2.37,3.83,2.37,3.83,-3.84,-3.85,-1.47,-1.47,-1.47
55.74,2.44,3.90,2.44,3.90,-3.91,-3.91,-1.47,-1.47,-1.47
56.29,2.51,3.99,2.51,3.99,-3.98,-3.98,-1.47,-1.47,-1.49
56.86,2.55,4.06,2.55,4.06,-4.05,-4.04,-1.51,-1.51,-1.52
57.42,2.62,4.13,2.62,4.13,-4.13,-4.10,-1.51,-1.51,-1.52
58.00,2.68,4.19,2.68,4.19,-4.20,-4.17,-1.52,-1.52,-1.52
58.58,2.72,4.27,2.72,4.27,-4.27,-4.24,-1.56,-1.56,-1.56
59.16,2.78,4.34,2.78,4.34,-4.34,-4.31,-1.57,-1.57,-1.57
59.76,2.84,4.40,2.84,4.40,-4.41,-4.38,-1.58,-1.58,-1.57
60.35,2.90,4.50,2.90,4.50,-4.48,-4.46,-1.58,-1.58,-1.61
60.96,2.94,4.54,2.94,4.54,-4.55,-4.55,-1.61,-1.61,-1.61
61.57,2.98,4.61,2.98,4.61,-4.61,-4.65,-1.64,-1.64,-1.64
62.18,3.03,4.68,3.03,4.68,-4.68,-4.74,-1.65,-1.65,-1.66
62.80,3.07,4.72,3.07,4.72,-4.74,-4.82,-1.67,-1.67,-1.66
63.43,3.11,4.81,3.11,4.81,-4.80,-4.88,-1.69,-1.69,-1.71
64.07,3.16,4.86,3.16,4.86,-4.85,-4.90,-1.70,-1.70,-1.71
64.71,3.19,4.90,3.19,4.90,-4.91,-4.93,-1.72,-1.72,-1.72
65.35,3.22,4.96,3.22,4.96,-4.96,-4.95,-1.74,-1.74,-1.75
66.01,3.27,5.01,3.27,5.01,-5.01,-4.99,-1.75,-1.75,-1.75
66.67,3.29,5.03,3.29,5.03,-5.06,-5.02,-1.77,-1.77,-1.75
67.33,3.31,5.09,3.31,5.09,-5.10,-5.06,-1.79,-1.79,-1.79
68.01,3.35,5.14,3.35,5.14,-5.14,-5.11,-1.79,-1.79,-1.80
68.69,3.39,5.18,3.39,5.18,-5.16,-5.14,-1.78,-1.78,-1.80
69.37,3.40,5.19,3.40,5.19,-5.18,-5.18,-1.79,-1.79,-1.80
70.07,3.43,5.22,3.43,5.22,-5.20,-5.20,-1.77,-1.77,-1.80
70.77,3.44,5.18,3.44,5.18,-5.20,-5.21,-1.77,-1.77,-1.75
71.48,3.46,5.20,3.46,5.20,-5.20,-5.21,-1.74,-1.74,-1.75
72.19,3.48,5.18,3.48,5.18,-5.18,-5.20,-1.71,-1.71,-1.71
72.91,3.48,5.15,3.48,5.15,-5.16,-5.18,-1.68,-1.68,-1.68
73.64,3.51,5.14,3.51,5.14,-5.13,-5.15,-1.62,-1.62,-1.64
74.38,3.53,5.11,3.53,5.11,-5.09,-5.11,-1.57,-1.57,-1.59
75.12,3.53,5.06,3.53,5.06,-5.05,-5.07,-1.53,-1.53,-1.54
75.87,3.53,5.00,3.53,5.00,-5.01,-5.02,-1.48,-1.48,-1.48
76.63,3.53,4.95,3.53,4.95,-4.97,-4.97,-1.44,-1.44,-1.43
77.40,3.57,4.92,3.57,4.92,-4.92,-4.92,-1.35,-1.35,-1.36
78.17,3.57,4.87,3.57,4.87,-4.87,-4.87,-1.31,-1.31,-1.31
78.95,3.57,4.82,3.57,4.82,-4.83,-4.83,-1.26,-1.26,-1.26
79.74,3.58,4.78,3.58,4.78,-4.79,-4.78,-1.21,-1.21,-1.21
80.54,3.61,4.76,3.61,4.76,-4.75,-4.74,-1.15,-1.15,-1.16
81.35,3.61,4.72,3.61,4.72,-4.72,-4.71,-1.11,-1.11,-1.12
82.16,3.61,4.67,3.61,4.67,-4.69,-4.67,-1.08,-1.08,-1.07
82.98,3.66,4.67,3.66,4.67,-4.66,-4.64,-1.00,-1.00,-1.02
83.81,3.66,4.63,3.66,4.63,-4.63,-4.62,-0.98,-0.98,-0.98
84.65,3.66,4.59,3.66,4.59,-4.61,-4.59,-0.95,-0.95,-0.94
85.50,3.70,4.60,3.70,4.60,-4.58,-4.57,-0.89,-0.89,-0.91
86.35,3.70,4.56,3.70,4.56,-4.56,-4.55,-0.87,-0.87,-0.87
87.22,3.70,4.53,3.70,4.53,-4.55,-4.54,-0.85,-0.85,-0.84
88.09,3.74,4.55,3.74,4.55,-4.53,-4.52,-0.79,-0.79,-0.82
88.97,3.74,4.50,3.74,4.50,-4.52,-4.51,-0.78,-0.78,-0.77
89.86,3.74,4.50,3.74,4.50,-4.51,-4.50,-0.77,-0.77,-0.77
90.76,3.75,4.47,3.75,4.47,-4.49,-4.49,-0.75,-0.75,-0.73
91.66,3.78,4.50,3.78,4.50,-4.48,-4.48,-0.70,-0.70,-0.73
92.58,3.79,4.46,3.79,4.46,-4.46,-4.47,-0.68,-0.68,-0.68
93.51,3.79,4.46,3.79,4.46,-4.44,-4.46,-0.66,-0.66,-0.68
94.44,3.79,4.41,3.79,4.41,-4.42,-4.45,-0.64,-0.64,-0.63
95.39,3.79,4.41,3.79,4.41,-4.40,-4.43,-0.61,-0.61,-0.63
96.34,3.79,4.37,3.79,4.37,-4.37,-4.40,-0.59,-0.59,-0.59
97.30,3.79,4.34,3.79,4.34,-4.34,-4.37,-0.56,-0.56,-0.56
98.28,3.79,4.31,3.79,4.31,-4.31,-4.32,-0.53,-0.53,-0.53
99.26,3.79,4.28,3.79,4.28,-4.28,-4.28,-0.50,-0.50,-0.50
100.25,3.79,4.25,3.79,4.25,-4.25,-4.25,-0.47,-0.47,-0.47
101.25,3.79,4.23,3.79,4.23,-4.23,-4.22,-0.44,-0.44,-0.45
102.27,3.79,4.19,3.79,4.19,-4.20,-4.21,-0.41,-0.41,-0.41
103.29,3.79,4.18,3.79,4.18,-4.17,-4.20,-0.39,-0.39,-0.40
104.32,3.79,4.14,3.79,4.14,-4.15,-4.19,-0.36,-0.36,-0.36
105.37,3.79,4.14,3.79,4.14,-4.13,-4.17,-0.34,-0.34,-0.36
106.42,3.79,4.09,3.79,4.09,-4.11,-4.15,-0.32,-0.32,-0.31
107.48,3.79,4.09,3.79,4.09,-4.09,-4.12,-0.30,-0.30,-0.31
108.56,3.79,4.09,3.79,4.09,-4.07,-4.09,-0.29,-0.29,-0.31
109.64,3.79,4.04,3.79,4.04,-4.06,-4.06,-0.27,-0.27,-0.26
110.74,3.79,4.04,3.79,4.04,-4.05,-4.03,-0.26,-0.26,-0.26
111.85,3.79,4.04,3.79,4.04,-4.03,-4.01,-0.25,-0.25,-0.26
112.97,3.79,4.00,3.79,4.00,-4.02,-3.99,-0.23,-0.23,-0.22
114.10,3.79,4.00,3.79,4.00,-4.00,-3.97,-0.21,-0.21,-0.22
115.24,3.79,4.00,3.79,4.00,-3.98,-3.95,-0.19,-0.19,-0.22
116.39,3.78,3.99,3.78,3.99,-3.96,-3.94,-0.18,-0.18,-0.22
117.55,3.74,3.91,3.74,3.91,-3.94,-3.93,-0.21,-0.21,-0.18
118.73,3.74,3.90,3.74,3.90,-3.93,-3.92,-0.19,-0.19,-0.17
119.92,3.74,3.90,3.74,3.90,-3.91,-3.91,-0.17,-0.17,-0.17
121.12,3.72,3.88,3.72,3.88,-3.88,-3.90,-0.17,-0.17,-0.17
122.33,3.70,3.86,3.70,3.86,-3.86,-3.88,-0.17,-0.17,-0.17
123.55,3.70,3.86,3.70,3.86,-3.84,-3.86,-0.14,-0.14,-0.17
124.79,3.67,3.83,3.67,3.83,-3.82,-3.83,-0.15,-0.15,-0.17
126.03,3.66,3.80,3.66,3.80,-3.80,-3.80,-0.14,-0.14,-0.15
127.29,3.66,3.77,3.66,3.77,-3.77,-3.76,-0.12,-0.12,-0.12
128.57,3.61,3.72,3.61,3.72,-3.75,-3.73,-0.14,-0.14,-0.12
129.85,3.61,3.72,3.61,3.72,-3.73,-3.70,-0.12,-0.12,-0.12
131.15,3.59,3.70,3.59,3.70,-3.71,-3.67,-0.12,-0.12,-0.12
132.46,3.57,3.68,3.57,3.68,-3.69,-3.66,-0.12,-0.12,-0.12
133.79,3.57,3.68,3.57,3.68,-3.67,-3.65,-0.10,-0.10,-0.12
135.12,3.53,3.64,3.53,3.64,-3.65,-3.65,-0.12,-0.12,-0.12
136.48,3.53,3.64,3.53,3.64,-3.63,-3.64,-0.11,-0.11,-0.12
137.84,3.50,3.61,3.50,3.61,-3.61,-3.64,-0.12,-0.12,-0.12
139.22,3.48,3.59,3.48,3.59,-3.59,-3.63,-0.11,-0.11,-0.12
140.61,3.48,3.58,3.48,3.58,-3.57,-3.60,-0.09,-0.09,-0.11
142.02,3.44,3.53,3.44,3.53,-3.54,-3.57,-0.10,-0.10,-0.10
143.44,3.44,3.51,3.44,3.51,-3.51,-3.52,-0.07,-0.07,-0.08
144.87,3.40,3.47,3.40,3.47,-3.48,-3.47,-0.08,-0.08,-0.08
146.32,3.38,3.45,3.38,3.45,-3.45,-3.42,-0.07,-0.07,-0.08
147.78,3.35,3.42,3.35,3.42,-3.42,-3.38,-0.07,-0.07,-0.08
149.26,3.31,3.38,3.31,3.38,-3.39,-3.36,-0.08,-0.08,-0.08
150.75,3.29,3.36,3.29,3.36,-3.36,-3.34,-0.08,-0.08,-0.08
152.26,3.26,3.33,3.26,3.33,-3.33,-3.34,-0.08,-0.08,-0.08
153.78,3.22,3.29,3.22,3.29,-3.30,-3.34,-0.08,-0.08,-0.08
155.32,3.20,3.27,3.20,3.27,-3.26,-3.30,-0.07,-0.07,-0.08
156.88,3.17,3.24,3.17,3.24,-3.23,-3.25,-0.06,-0.06,-0.08
158.44,3.14,3.20,3.14,3.20,-3.19,-3.19,-0.05,-0.05,-0.07
160.03,3.09,3.13,3.09,3.13,-3.15,-3.12,-0.06,-0.06,-0.05
161.63,3.06,3.10,3.06,3.10,-3.10,-3.08,-0.05,-0.05,-0.05
163.24,3.03,3.05,3.03,3.05,-3.06,-3.03,-0.03,-0.03,-0.03
164.88,2.98,3.00,2.98,3.00,-3.02,-3.01,-0.04,-0.04,-0.03
166.53,2.95,2.97,2.95,2.97,-2.97,-2.98,-0.03,-0.03,-0.03
168.19,2.92,2.94,2.92,2.94,-2.93,-2.95,-0.02,-0.02,-0.03
169.87,2.87,2.89,2.87,2.89,-2.89,-2.93,-0.02,-0.02,-0.03
171.57,2.84,2.86,2.84,2.86,-2.85,-2.89,-0.01,-0.01,-0.03
173.29,2.78,2.80,2.78,2.80,-2.81,-2.86,-0.03,-0.03,-0.03
175.02,2.74,2.76,2.74,2.76,-2.76,-2.81,-0.03,-0.03,-0.03
176.77,2.70,2.72,2.70,2.72,-2.72,-2.76,-0.02,-0.02,-0.03
178.54,2.65,2.67,2.65,2.67,-2.67,-2.70,-0.02,-0.02,-0.03
180.32,2.60,2.62,2.60,2.62,-2.62,-2.64,-0.02,-0.02,-0.03
182.13,2.55,2.57,2.55,2.57,-2.57,-2.58,-0.02,-0.02,-0.03
183.95,2.50,2.52,2.50,2.52,-2.52,-2.52,-0.02,-0.02,-0.03
185.79,2.44,2.46,2.44,2.46,-2.47,-2.46,-0.03,-0.03,-0.03
187.65,2.41,2.43,2.41,2.43,-2.42,-2.40,-0.01,-0.01,-0.03
189.52,2.35,2.37,2.35,2.37,-2.37,-2.35,-0.03,-0.03,-0.03
191.42,2.29,2.31,2.29,2.31,-2.32,-2.30,-0.04,-0.04,-0.03
193.33,2.26,2.28,2.26,2.28,-2.28,-2.25,-0.02,-0.02,-0.03
195.27,2.21,2.23,2.21,2.23,-2.23,-2.21,-0.02,-0.02,-0.03
197.22,2.16,2.18,2.16,2.18,-2.18,-2.18,-0.03,-0.03,-0.03
199.19,2.12,2.14,2.12,2.14,-2.14,-2.14,-0.02,-0.02,-0.03
201.18,2.08,2.10,2.08,2.10,-2.10,-2.10,-0.02,-0.02,-0.03
203.19,2.03,2.05,2.03,2.05,-2.05,-2.06,-0.03,-0.03,-0.03
205.23,1.99,2.01,1.99,2.01,-2.01,-2.01,-0.02,-0.02,-0.03
207.28,1.94,1.96,1.94,1.96,-1.97,-1.96,-0.03,-0.03,-0.03
209.35,1.91,1.93,1.91,1.93,-1.93,-1.92,-0.03,-0.03,-0.03
211.44,1.88,1.90,1.88,1.90,-1.90,-1.88,-0.02,-0.02,-0.03
213.56,1.84,1.86,1.84,1.86,-1.86,-1.84,-0.02,-0.02,-0.03
215.69,1.80,1.82,1.80,1.82,-1.83,-1.81,-0.03,-0.03,-0.03
217.85,1.77,1.79,1.77,1.79,-1.80,-1.78,-0.03,-0.03,-0.03
220.03,1.75,1.77,1.75,1.77,-1.77,-1.75,-0.02,-0.02,-0.03
222.23,1.71,1.73,1.71,1.73,-1.74,-1.72,-0.03,-0.03,-0.03
224.45,1.70,1.72,1.70,1.72,-1.71,-1.70,-0.02,-0.02,-0.03
226.70,1.66,1.68,1.66,1.68,-1.69,-1.68,-0.03,-0.03,-0.03
228.96,1.66,1.68,1.66,1.68,-1.67,-1.67,-0.01,-0.01,-0.03
231.25,1.62,1.64,1.62,1.64,-1.65,-1.66,-0.03,-0.03,-0.03
233.57,1.61,1.63,1.61,1.63,-1.63,-1.65,-0.02,-0.02,-0.03
235.90,1.58,1.60,1.58,1.60,-1.61,-1.64,-0.04,-0.04,-0.03
238.26,1.57,1.59,1.57,1.59,-1.60,-1.62,-0.03,-0.03,-0.03
240.64,1.53,1.57,1.53,1.57,-1.58,-1.60,-0.06,-0.06,-0.05
243.05,1.53,1.57,1.53,1.57,-1.56,-1.57,-0.04,-0.04,-0.05
245.48,1.49,1.56,1.49,1.56,-1.55,-1.54,-0.06,-0.06,-0.08
247.93,1.45,1.52,1.45,1.52,-1.52,-1.51,-0.08,-0.08,-0.08
250.41,1.44,1.51,1.44,1.51,-1.50,-1.49,-0.06,-0.06,-0.08
252.92,1.40,1.47,1.40,1.47,-1.47,-1.46,-0.07,-0.07,-0.08
255.45,1.36,1.43,1.36,1.43,-1.44,-1.43,-0.08,-0.08,-0.08
258.00,1.33,1.40,1.33,1.40,-1.40,-1.40,-0.07,-0.07,-0.08
260.58,1.30,1.37,1.30,1.37,-1.36,-1.36,-0.06,-0.06,-0.08
263.19,1.25,1.32,1.25,1.32,-1.32,-1.32,-0.08,-0.08,-0.08
265.82,1.21,1.28,1.21,1.28,-1.29,-1.28,-0.08,-0.08,-0.08
268.48,1.17,1.24,1.17,1.24,-1.25,-1.24,-0.08,-0.08,-0.08
271.16,1.12,1.19,1.12,1.19,-1.21,-1.20,-0.10,-0.10,-0.08
273.87,1.08,1.17,1.08,1.17,-1.18,-1.17,-0.10,-0.10,-0.10
276.61,1.05,1.16,1.05,1.16,-1.14,-1.14,-0.10,-0.10,-0.12
279.38,1.01,1.12,1.01,1.12,-1.11,-1.11,-0.11,-0.11,-0.12
282.17,0.97,1.08,0.97,1.08,-1.08,-1.09,-0.11,-0.11,-0.12
284.99,0.94,1.05,0.94,1.05,-1.05,-1.06,-0.12,-0.12,-0.12
287.84,0.91,1.02,0.91,1.02,-1.02,-1.03,-0.12,-0.12,-0.12
290.72,0.88,0.99,0.88,0.99,-1.00,-1.01,-0.12,-0.12,-0.12
293.63,0.85,0.96,0.85,0.96,-0.97,-0.98,-0.13,-0.13,-0.12
296.57,0.84,0.95,0.84,0.95,-0.95,-0.96,-0.11,-0.11,-0.12
299.53,0.80,0.91,0.80,0.91,-0.93,-0.93,-0.13,-0.13,-0.12
302.53,0.76,0.90,0.76,0.90,-0.90,-0.91,-0.15,-0.15,-0.15
305.55,0.73,0.89,0.73,0.89,-0.88,-0.88,-0.15,-0.15,-0.17
308.61,0.71,0.87,0.71,0.87,-0.86,-0.86,-0.15,-0.15,-0.17
311.69,0.67,0.83,0.67,0.83,-0.83,-0.83,-0.16,-0.16,-0.17
314.81,0.64,0.80,0.64,0.80,-0.80,-0.81,-0.16,-0.16,-0.17
317.96,0.61,0.77,0.61,0.77,-0.77,-0.78,-0.17,-0.17,-0.17
321.14,0.58,0.74,0.58,0.74,-0.74,-0.75,-0.16,-0.16,-0.17
324.35,0.55,0.71,0.55,0.71,-0.71,-0.72,-0.17,-0.17,-0.17
327.59,0.52,0.68,0.52,0.68,-0.69,-0.70,-0.17,-0.17,-0.17
330.87,0.49,0.65,0.49,0.65,-0.67,-0.67,-0.18,-0.18,-0.17
334.18,0.46,0.63,0.46,0.63,-0.65,-0.64,-0.19,-0.19,-0.18
337.52,0.45,0.63,0.45,0.63,-0.63,-0.61,-0.18,-0.18,-0.19
340.90,0.41,0.60,0.41,0.60,-0.61,-0.59,-0.20,-0.20,-0.20
344.30,0.41,0.62,0.41,0.62,-0.59,-0.57,-0.19,-0.19,-0.22
347.75,0.36,0.57,0.36,0.57,-0.57,-0.55,-0.22,-0.22,-0.22
351.23,0.36,0.57,0.36,0.57,-0.55,-0.53,-0.20,-0.20,-0.22
354.74,0.32,0.53,0.32,0.53,-0.53,-0.51,-0.21,-0.21,-0.22
358.28,0.28,0.49,0.28,0.49,-0.51,-0.50,-0.23,-0.23,-0.22
361.87,0.27,0.48,0.27,0.48,-0.48,-0.48,-0.21,-0.21,-0.22
365.49,0.23,0.44,0.23,0.44,-0.45,-0.46,-0.22,-0.22,-0.22
369.14,0.21,0.42,0.21,0.42,-0.42,-0.44,-0.22,-0.22,-0.22
372.83,0.19,0.40,0.19,0.40,-0.40,-0.42,-0.21,-0.21,-0.22
376.56,0.15,0.36,0.15,0.36,-0.37,-0.39,-0.23,-0.23,-0.22
380.33,0.15,0.36,0.15,0.36,-0.35,-0.35,-0.20,-0.20,-0.22
384.13,0.11,0.32,0.11,0.32,-0.33,-0.32,-0.22,-0.22,-0.22
387.97,0.10,0.31,0.10,0.31,-0.31,-0.30,-0.21,-0.21,-0.22
391.85,0.06,0.27,0.06,0.27,-0.28,-0.28,-0.23,-0.23,-0.22
395.77,0.06,0.27,0.06,0.27,-0.26,-0.27,-0.20,-0.20,-0.22
399.73,0.02,0.23,0.02,0.23,-0.24,-0.25,-0.22,-0.22,-0.22
403.72,0.02,0.23,0.02,0.23,-0.22,-0.24,-0.20,-0.20,-0.22
407.76,-0.03,0.18,-0.03,0.18,-0.20,-0.21,-0.23,-0.23,-0.22
411.84,-0.03,0.18,-0.03,0.18,-0.18,-0.19,-0.21,-0.21,-0.22
415.96,-0.06,0.15,-0.06,0.15,-0.16,-0.16,-0.22,-0.22,-0.22
420.12,-0.07,0.14,-0.07,0.14,-0.14,-0.14,-0.21,-0.21,-0.22
424.32,-0.09,0.12,-0.09,0.12,-0.12,-0.12,-0.22,-0.22,-0.22
428.56,-0.11,0.10,-0.11,0.10,-0.11,-0.11,-0.22,-0.22,-0.22
432.85,-0.11,0.10,-0.11,0.10,-0.09,-0.10,-0.21,-0.21,-0.22
437.18,-0.16,0.07,-0.16,0.07,-0.08,-0.10,-0.25,-0.25,-0.24
441.55,-0.16,0.07,-0.16,0.07,-0.07,-0.09,-0.23,-0.23,-0.24
445.96,-0.19,0.05,-0.19,0.05,-0.06,-0.08,-0.25,-0.25,-0.25
450.42,-0.20,0.05,-0.20,0.05,-0.05,-0.06,-0.25,-0.25,-0.26
454.93,-0.20,0.05,-0.20,0.05,-0.04,-0.04,-0.24,-0.24,-0.26
459.48,-0.24,0.01,-0.24,0.01,-0.02,-0.02,-0.27,-0.27,-0.26
464.07,-0.24,0.01,-0.24,0.01,-0.01,0.00,-0.25,-0.25,-0.26
468.71,-0.24,0.01,-0.24,0.01,0.01,0.02,-0.24,-0.24,-0.26
473.40,-0.29,-0.04,-0.29,-0.04,0.02,0.03,-0.27,-0.27,-0.26
478.13,-0.29,-0.04,-0.29,-0.04,0.04,0.04,-0.25,-0.25,-0.26
482.91,-0.32,-0.07,-0.32,-0.07,0.07,0.05,-0.26,-0.26,-0.26
487.74,-0.33,-0.08,-0.33,-0.08,0.09,0.07,-0.25,-0.25,-0.26
492.62,-0.37,-0.12,-0.37,-0.12,0.11,0.09,-0.26,-0.26,-0.26
497.55,-0.37,-0.12,-0.37,-0.12,0.13,0.12,-0.24,-0.24,-0.26
502.52,-0.42,-0.17,-0.42,-0.17,0.15,0.15,-0.27,-0.27,-0.26
507.55,-0.42,-0.17,-0.42,-0.17,0.17,0.17,-0.26,-0.26,-0.26
512.62,-0.43,-0.18,-0.43,-0.18,0.18,0.18,-0.25,-0.25,-0.26
517.75,-0.44,-0.19,-0.44,-0.19,0.19,0.19,-0.25,-0.25,-0.26
522.93,-0.46,-0.21,-0.46,-0.21,0.20,0.19,-0.26,-0.26,-0.26
528.16,-0.46,-0.21,-0.46,-0.21,0.20,0.19,-0.26,-0.26,-0.26
533.44,-0.46,-0.21,-0.46,-0.21,0.21,0.20,-0.26,-0.26,-0.26
538.77,-0.46,-0.21,-0.46,-0.21,0.21,0.21,-0.26,-0.26,-0.26
544.16,-0.46,-0.21,-0.46,-0.21,0.21,0.21,-0.25,-0.25,-0.26
549.60,-0.46,-0.21,-0.46,-0.21,0.22,0.22,-0.25,-0.25,-0.26
555.10,-0.46,-0.22,-0.46,-0.22,0.23,0.22,-0.24,-0.24,-0.25
560.65,-0.46,-0.23,-0.46,-0.23,0.23,0.23,-0.23,-0.23,-0.24
566.25,-0.46,-0.25,-0.46,-0.25,0.25,0.24,-0.22,-0.22,-0.22
571.92,-0.46,-0.25,-0.46,-0.25,0.26,0.26,-0.20,-0.20,-0.22
577.64,-0.50,-0.29,-0.50,-0.29,0.27,0.27,-0.23,-0.23,-0.22
583.41,-0.50,-0.29,-0.50,-0.29,0.28,0.29,-0.22,-0.22,-0.22
589.25,-0.50,-0.29,-0.50,-0.29,0.29,0.29,-0.21,-0.21,-0.22
595.14,-0.51,-0.30,-0.51,-0.30,0.29,0.29,-0.22,-0.22,-0.22
601.09,-0.53,-0.32,-0.53,-0.32,0.30,0.29,-0.24,-0.24,-0.22
607.10,-0.50,-0.29,-0.50,-0.29,0.29,0.29,-0.21,-0.21,-0.22
613.17,-0.50,-0.29,-0.50,-0.29,0.29,0.29,-0.21,-0.21,-0.22
619.30,-0.50,-0.29,-0.50,-0.29,0.29,0.29,-0.21,-0.21,-0.22
625.50,-0.50,-0.29,-0.50,-0.29,0.29,0.30,-0.21,-0.21,-0.22
631.75,-0.50,-0.29,-0.50,-0.29,0.29,0.30,-0.21,-0.21,-0.22
638.07,-0.50,-0.29,-0.50,-0.29,0.30,0.30,-0.20,-0.20,-0.22
644.45,-0.50,-0.29,-0.50,-0.29,0.31,0.31,-0.20,-0.20,-0.22
650.89,-0.50,-0.32,-0.50,-0.32,0.31,0.31,-0.19,-0.19,-0.19
657.40,-0.50,-0.34,-0.50,-0.34,0.32,0.32,-0.19,-0.19,-0.17
663.98,-0.50,-0.34,-0.50,-0.34,0.32,0.32,-0.18,-0.18,-0.17
670.62,-0.50,-0.34,-0.50,-0.34,0.32,0.32,-0.18,-0.18,-0.17
677.32,-0.48,-0.32,-0.48,-0.32,0.32,0.32,-0.16,-0.16,-0.17
684.10,-0.46,-0.30,-0.46,-0.30,0.32,0.31,-0.15,-0.15,-0.17
690.94,-0.46,-0.30,-0.46,-0.30,0.31,0.31,-0.15,-0.15,-0.17
697.85,-0.46,-0.30,-0.46,-0.30,0.30,0.31,-0.16,-0.16,-0.17
704.83,-0.46,-0.30,-0.46,-0.30,0.29,0.30,-0.17,-0.17,-0.17
711.87,-0.46,-0.30,-0.46,-0.30,0.29,0.29,-0.17,-0.17,-0.17
718.99,-0.46,-0.30,-0.46,-0.30,0.29,0.29,-0.18,-0.18,-0.17
726.18,-0.46,-0.30,-0.46,-0.30,0.29,0.28,-0.18,-0.18,-0.17
733.44,-0.43,-0.27,-0.43,-0.27,0.29,0.28,-0.15,-0.15,-0.17
740.78,-0.42,-0.26,-0.42,-0.26,0.28,0.28,-0.14,-0.14,-0.17
748.19,-0.42,-0.28,-0.42,-0.28,0.28,0.28,-0.14,-0.14,-0.15
755.67,-0.42,-0.31,-0.42,-0.31,0.28,0.28,-0.14,-0.14,-0.12
763.23,-0.42,-0.31,-0.42,-0.31,0.28,0.28,-0.14,-0.14,-0.12
770.86,-0.37,-0.26,-0.37,-0.26,0.28,0.29,-0.09,-0.09,-0.12
778.57,-0.37,-0.26,-0.37,-0.26,0.28,0.29,-0.09,-0.09,-0.12
786.35,-0.37,-0.30,-0.37,-0.30,0.29,0.29,-0.09,-0.09,-0.08
794.22,-0.37,-0.30,-0.37,-0.30,0.29,0.29,-0.08,-0.08,-0.08
802.16,-0.34,-0.27,-0.34,-0.27,0.29,0.29,-0.05,-0.05,-0.08
810.18,-0.33,-0.31,-0.33,-0.31,0.29,0.29,-0.04,-0.04,-0.03
818.28,-0.33,-0.31,-0.33,-0.31,0.30,0.29,-0.04,-0.04,-0.03
826.46,-0.33,-0.31,-0.33,-0.31,0.30,0.28,-0.03,-0.03,-0.03
834.73,-0.29,-0.27,-0.29,-0.27,0.30,0.28,0.01,0.01,-0.03
843.08,-0.29,-0.32,-0.29,-0.32,0.30,0.28,0.01,0.01,0.02
851.51,-0.29,-0.32,-0.29,-0.32,0.30,0.28,0.01,0.01,0.02
860.02,-0.27,-0.30,-0.27,-0.30,0.30,0.29,0.02,0.02,0.02
868.62,-0.24,-0.27,-0.24,-0.27,0.29,0.29,0.05,0.05,0.02
877.31,-0.24,-0.29,-0.24,-0.29,0.29,0.30,0.04,0.04,0.04
886.08,-0.22,-0.29,-0.22,-0.29,0.28,0.29,0.05,0.05,0.06
894.94,-0.20,-0.27,-0.20,-0.27,0.27,0.27,0.06,0.06,0.06
903.89,-0.20,-0.27,-0.20,-0.27,0.25,0.25,0.05,0.05,0.06
912.93,-0.17,-0.24,-0.17,-0.24,0.24,0.23,0.07,0.07,0.06
922.06,-0.16,-0.23,-0.16,-0.23,0.23,0.22,0.07,0.07,0.06
931.28,-0.16,-0.23,-0.16,-0.23,0.22,0.22,0.06,0.06,0.06
940.59,-0.11,-0.18,-0.11,-0.18,0.21,0.22,0.10,0.10,0.06
950.00,-0.11,-0.20,-0.11,-0.20,0.20,0.22,0.09,0.09,0.08
959.50,-0.09,-0.19,-0.09,-0.19,0.19,0.21,0.09,0.09,0.09
969.09,-0.07,-0.19,-0.07,-0.19,0.17,0.19,0.10,0.10,0.11
978.78,-0.06,-0.18,-0.06,-0.18,0.16,0.16,0.10,0.10,0.11
988.57,-0.03,-0.15,-0.03,-0.15,0.14,0.14,0.11,0.11,0.11
998.46,-0.00,-0.12,-0.00,-0.12,0.13,0.12,0.12,0.12,0.11
1008.44,0.02,-0.10,0.02,-0.10,0.10,0.10,0.12,0.12,0.11
1018.53,0.06,-0.06,0.06,-0.06,0.08,0.07,0.13,0.13,0.11
1028.71,0.07,-0.05,0.07,-0.05,0.04,0.04,0.11,0.11,0.11
1039.00,0.10,-0.02,0.10,-0.02,0.01,0.01,0.11,0.11,0.11
1049.39,0.12,0.00,0.12,0.00,-0.03,-0.03,0.09,0.09,0.11
1059.88,0.15,0.08,0.15,0.08,-0.06,-0.06,0.08,0.08,0.06
1070.48,0.18,0.11,0.18,0.11,-0.11,-0.10,0.07,0.07,0.06
1081.19,0.21,0.14,0.21,0.14,-0.15,-0.15,0.06,0.06,0.06
1092.00,0.24,0.21,0.24,0.21,-0.20,-0.20,0.04,0.04,0.02
1102.92,0.28,0.25,0.28,0.25,-0.25,-0.26,0.02,0.02,0.02
1113.95,0.30,0.32,0.30,0.32,-0.31,-0.32,-0.02,-0.02,-0.03
1125.09,0.33,0.36,0.33,0.36,-0.38,-0.38,-0.05,-0.05,-0.04
1136.34,0.36,0.43,0.36,0.43,-0.45,-0.45,-0.09,-0.09,-0.08
1147.70,0.42,0.53,0.42,0.53,-0.52,-0.53,-0.10,-0.10,-0.12
1159.18,0.45,0.60,0.45,0.60,-0.60,-0.61,-0.15,-0.15,-0.16
1170.77,0.50,0.68,0.50,0.68,-0.69,-0.70,-0.19,-0.19,-0.19
1182.48,0.56,0.79,0.56,0.79,-0.79,-0.80,-0.23,-0.23,-0.24
1194.30,0.60,0.88,0.60,0.88,-0.89,-0.90,-0.29,-0.29,-0.29
1206.25,0.66,0.98,0.66,0.98,-0.99,-1.00,-0.33,-0.33,-0.33
1218.31,0.72,1.10,0.72,1.10,-1.10,-1.10,-0.38,-0.38,-0.39
1230.49,0.77,1.21,0.77,1.21,-1.21,-1.21,-0.45,-0.45,-0.45
1242.80,0.83,1.33,0.83,1.33,-1.33,-1.32,-0.50,-0.50,-0.51
1255.22,0.90,1.46,0.90,1.46,-1.45,-1.43,-0.55,-0.55,-0.57
1267.78,0.95,1.55,0.95,1.55,-1.57,-1.56,-0.63,-0.63,-0.61
1280.45,1.04,1.69,1.04,1.69,-1.70,-1.68,-0.66,-0.66,-0.66
1293.26,1.10,1.81,1.10,1.81,-1.82,-1.82,-0.72,-0.72,-0.72
1306.19,1.20,1.95,1.20,1.95,-1.94,-1.96,-0.75,-0.75,-0.76
1319.25,1.26,2.07,1.26,2.07,-2.06,-2.07,-0.80,-0.80,-0.82
1332.45,1.36,2.18,1.36,2.18,-2.17,-2.18,-0.82,-0.82,-0.83
1345.77,1.42,2.28,1.42,2.28,-2.28,-2.28,-0.87,-0.87,-0.87
1359.23,1.53,2.39,1.53,2.39,-2.39,-2.37,-0.86,-0.86,-0.87
1372.82,1.60,2.48,1.60,2.48,-2.48,-2.47,-0.88,-0.88,-0.89
1386.55,1.69,2.56,1.69,2.56,-2.57,-2.57,-0.88,-0.88,-0.88
1400.41,1.79,2.65,1.79,2.65,-2.65,-2.64,-0.86,-0.86,-0.87
1414.42,1.88,2.73,1.88,2.73,-2.72,-2.71,-0.84,-0.84,-0.86
1428.56,1.98,2.79,1.98,2.79,-2.79,-2.77,-0.81,-0.81,-0.82
1442.85,2.08,2.85,2.08,2.85,-2.86,-2.84,-0.78,-0.78,-0.78
1457.28,2.18,2.92,2.18,2.92,-2.93,-2.91,-0.75,-0.75,-0.75
1471.85,2.31,2.99,2.31,2.99,-2.99,-2.99,-0.69,-0.69,-0.69
1486.57,2.43,3.03,2.43,3.03,-3.06,-3.06,-0.63,-0.63,-0.61
1501.43,2.56,3.12,2.56,3.12,-3.12,-3.12,-0.56,-0.56,-0.57
1516.45,2.71,3.20,2.71,3.20,-3.18,-3.17,-0.48,-0.48,-0.50
1531.61,2.81,3.23,2.81,3.23,-3.24,-3.22,-0.44,-0.44,-0.43
1546.93,2.95,3.31,2.95,3.31,-3.30,-3.29,-0.36,-0.36,-0.37
1562.40,3.07,3.35,3.07,3.35,-3.36,-3.35,-0.29,-0.29,-0.29
1578.02,3.20,3.41,3.20,3.41,-3.41,-3.41,-0.21,-0.21,-0.22
1593.80,3.35,3.45,3.35,3.45,-3.45,-3.46,-0.10,-0.10,-0.11
1609.74,3.46,3.47,3.46,3.47,-3.48,-3.50,-0.03,-0.03,-0.02
1625.84,3.60,3.53,3.60,3.53,-3.52,-3.53,0.08,0.08,0.06
1642.10,3.75,3.56,3.75,3.56,-3.55,-3.54,0.20,0.20,0.18
1658.52,3.86,3.55,3.86,3.55,-3.57,-3.56,0.28,0.28,0.30
1675.10,4.00,3.58,4.00,3.58,-3.59,-3.58,0.40,0.40,0.41
1691.85,4.14,3.61,4.14,3.61,-3.61,-3.60,0.53,0.53,0.52
1708.77,4.28,3.63,4.28,3.63,-3.63,-3.63,0.65,0.65,0.64
1725.86,4.41,3.64,4.41,3.64,-3.64,-3.65,0.77,0.77,0.76
1743.12,4.55,3.64,4.55,3.64,-3.65,-3.66,0.90,0.90,0.90
1760.55,4.69,3.66,4.69,3.66,-3.65,-3.67,1.03,1.03,1.02
1778.15,4.83,3.64,4.83,3.64,-3.66,-3.67,1.17,1.17,1.18
1795.94,4.97,3.67,4.97,3.67,-3.66,-3.66,1.31,1.31,1.29
1813.90,5.08,3.63,5.08,3.63,-3.66,-3.66,1.42,1.42,1.44
1832.03,5.23,3.67,5.23,3.67,-3.65,-3.66,1.57,1.57,1.55
1850.36,5.36,3.64,5.36,3.64,-3.65,-3.66,1.71,1.71,1.71
1868.86,5.48,3.64,5.48,3.64,-3.64,-3.66,1.84,1.84,1.83
1887.55,5.60,3.62,5.60,3.62,-3.63,-3.65,1.97,1.97,1.97
1906.42,5.72,3.62,5.72,3.62,-3.62,-3.63,2.10,2.10,2.09
1925.49,5.83,3.58,5.83,3.58,-3.60,-3.60,2.23,2.23,2.24
1944.74,5.95,3.57,5.95,3.57,-3.57,-3.57,2.37,2.37,2.37
1964.19,6.04,3.53,6.04,3.53,-3.54,-3.52,2.50,2.50,2.50
1983.83,6.14,3.51,6.14,3.51,-3.50,-3.48,2.64,2.64,2.62
2003.67,6.23,3.46,6.23,3.46,-3.45,-3.43,2.78,2.78,2.76
2023.71,6.30,3.40,6.30,3.40,-3.39,-3.38,2.91,2.91,2.89
2043.94,6.36,3.32,6.36,3.32,-3.32,-3.32,3.04,3.04,3.03
2064.38,6.41,3.22,6.41,3.22,-3.24,-3.25,3.17,3.17,3.18
2085.03,6.46,3.16,6.46,3.16,-3.15,-3.16,3.31,3.31,3.29
2105.88,6.51,3.05,6.51,3.05,-3.06,-3.06,3.45,3.45,3.45
2126.94,6.54,2.95,6.54,2.95,-2.95,-2.95,3.58,3.58,3.58
2148.20,6.57,2.84,6.57,2.84,-2.85,-2.84,3.72,3.72,3.72
2169.69,6.60,2.71,6.60,2.71,-2.74,-2.73,3.86,3.86,3.88
2191.38,6.65,2.62,6.65,2.62,-2.62,-2.61,4.02,4.02,4.02
2213.30,6.68,2.50,6.68,2.50,-2.50,-2.47,4.18,4.18,4.17
2235.43,6.71,2.36,6.71,2.36,-2.36,-2.34,4.34,4.34,4.34
2257.78,6.73,2.23,6.73,2.23,-2.22,-2.20,4.51,4.51,4.49
2280.36,6.73,2.08,6.73,2.08,-2.06,-2.05,4.67,4.67,4.64
2303.17,6.73,1.91,6.73,1.91,-1.89,-1.88,4.84,4.84,4.81
2326.20,6.69,1.70,6.69,1.70,-1.70,-1.69,4.99,4.99,4.98
2349.46,6.63,1.50,6.63,1.50,-1.50,-1.49,5.12,5.12,5.12
2372.95,6.58,1.31,6.58,1.31,-1.30,-1.29,5.28,5.28,5.26
2396.68,6.49,1.06,6.49,1.06,-1.08,-1.08,5.40,5.40,5.42
2420.65,6.43,0.88,6.43,0.88,-0.87,-0.88,5.56,5.56,5.54
2444.86,6.33,0.64,6.33,0.64,-0.66,-0.66,5.66,5.66,5.68
2469.31,6.26,0.44,6.26,0.44,-0.46,-0.46,5.79,5.79,5.81
2494.00,6.19,0.26,6.19,0.26,-0.27,-0.27,5.92,5.92,5.92
2518.94,6.15,0.08,6.15,0.08,-0.09,-0.09,6.06,6.06,6.06
2544.13,6.10,-0.10,6.10,-0.10,0.09,0.08,6.19,6.19,6.19
2569.57,6.05,-0.26,6.05,-0.26,0.26,0.25,6.31,6.31,6.30
2595.27,5.99,-0.41,5.99,-0.41,0.42,0.42,6.41,6.41,6.39
2621.22,5.93,-0.57,5.93,-0.57,0.58,0.58,6.50,6.50,6.49
2647.43,5.88,-0.73,5.88,-0.73,0.73,0.73,6.61,6.61,6.60
2673.90,5.81,-0.86,5.81,-0.86,0.87,0.88,6.68,6.68,6.66
2700.64,5.75,-1.03,5.75,-1.03,1.01,1.01,6.76,6.76,6.77
2727.65,5.69,-1.14,5.69,-1.14,1.14,1.14,6.83,6.83,6.82
2754.93,5.63,-1.26,5.63,-1.26,1.26,1.27,6.89,6.89,6.88
2782.48,5.57,-1.37,5.57,-1.37,1.37,1.37,6.93,6.93,6.93
2810.30,5.51,-1.45,5.51,-1.45,1.45,1.45,6.96,6.96,6.95
2838.40,5.45,-1.55,5.45,-1.55,1.52,1.51,6.97,6.97,6.99
2866.79,5.41,-1.60,5.41,-1.60,1.57,1.55,6.98,6.98,7.00
2895.46,5.37,-1.59,5.37,-1.59,1.60,1.59,6.97,6.97,6.95
2924.41,5.32,-1.64,5.32,-1.64,1.61,1.61,6.93,6.93,6.95
2953.65,5.30,-1.62,5.30,-1.62,1.60,1.61,6.90,6.90,6.91
2983.19,5.30,-1.57,5.30,-1.57,1.58,1.58,6.87,6.87,6.86
3013.02,5.26,-1.55,5.26,-1.55,1.54,1.55,6.79,6.79,6.80
3043.15,5.24,-1.51,5.24,-1.51,1.49,1.52,6.73,6.73,6.74
3073.58,5.22,-1.49,5.22,-1.49,1.45,1.49,6.67,6.67,6.70
3104.32,5.18,-1.46,5.18,-1.46,1.43,1.44,6.61,6.61,6.63
3135.36,5.16,-1.41,5.16,-1.41,1.44,1.44,6.59,6.59,6.56
3166.72,5.07,-1.44,5.07,-1.44,1.48,1.48,6.55,6.55,6.50
3198.38,4.96,-1.48,4.96,-1.48,1.56,1.57,6.52,6.52,6.43
3230.37,4.77,-1.63,4.77,-1.63,1.69,1.69,6.46,6.46,6.39
3262.67,4.52,-1.83,4.52,-1.83,1.86,1.87,6.37,6.37,6.34
3295.30,4.17,-2.15,4.17,-2.15,2.06,2.09,6.23,6.23,6.31
3328.25,3.65,-2.66,3.65,-2.66,2.33,2.35,5.98,5.98,6.30
3361.53,2.86,-3.41,2.86,-3.41,2.63,2.64,5.49,5.49,6.26
3395.15,1.79,-4.51,1.79,-4.51,2.92,2.91,4.71,4.71,6.29
3429.10,0.34,-5.97,0.34,-5.97,3.18,3.17,3.52,3.52,6.30
3463.39,-1.53,-7.89,-1.53,-7.89,3.38,3.35,1.84,1.84,6.35
3498.03,-3.58,-10.00,-3.58,-10.00,3.50,3.47,-0.09,-0.09,6.41
3533.01,-5.65,-12.15,-5.65,-12.15,3.54,3.51,-2.11,-2.11,6.49
3568.34,-7.02,-13.62,-7.02,-13.62,3.50,3.48,-3.52,-3.52,6.59
3604.02,-8.12,-14.82,-8.12,-14.82,3.39,3.36,-4.73,-4.73,6.69
3640.06,-7.62,-14.45,-7.62,-14.45,3.21,3.17,-4.42,-4.42,6.82
3676.46,-6.83,-13.78,-6.83,-13.78,2.97,2.94,-3.86,-3.86,6.94
3713.22,-5.61,-12.68,-5.61,-12.68,2.69,2.67,-2.92,-2.92,7.06
3750.36,-4.41,-11.59,-4.41,-11.59,2.39,2.39,-2.02,-2.02,7.17
3787.86,-3.29,-10.55,-3.29,-10.55,2.09,2.10,-1.20,-1.20,7.25
3825.74,-2.33,-9.68,-2.33,-9.68,1.83,1.84,-0.50,-0.50,7.34
3864.00,-1.31,-8.72,-1.31,-8.72,1.58,1.59,0.26,0.26,7.40
3902.64,-0.25,-7.71,-0.25,-7.71,1.32,1.33,1.06,1.06,7.45
3941.66,0.98,-6.50,0.98,-6.50,1.06,1.06,2.04,2.04,7.47
3981.08,2.16,-5.32,2.16,-5.32,0.80,0.80,2.96,2.96,7.47
4020.89,3.31,-4.14,3.31,-4.14,0.54,0.54,3.85,3.85,7.44
4061.10,4.24,-3.17,4.24,-3.17,0.28,0.28,4.52,4.52,7.40
4101.71,4.95,-2.38,4.95,-2.38,0.03,0.02,4.97,4.97,7.32
4142.73,5.51,-1.76,5.51,-1.76,-0.23,-0.24,5.27,5.27,7.26
4184.15,5.97,-1.21,5.97,-1.21,-0.49,-0.51,5.48,5.48,7.17
4226.00,6.38,-0.72,6.38,-0.72,-0.75,-0.76,5.63,5.63,7.09
4268.26,6.81,-0.18,6.81,-0.18,-1.01,-1.00,5.80,5.80,6.98
4310.94,7.22,0.29,7.22,0.29,-1.28,-1.27,5.93,5.93,6.92
4354.05,7.67,0.83,7.67,0.83,-1.56,-1.57,6.11,6.11,6.83
4397.59,8.13,1.35,8.13,1.35,-1.84,-1.84,6.28,6.28,6.77
4441.56,8.54,1.81,8.54,1.81,-2.12,-2.09,6.42,6.42,6.72
4485.98,8.93,2.25,8.93,2.25,-2.36,-2.32,6.56,6.56,6.67
4530.84,9.25,2.57,9.25,2.57,-2.56,-2.53,6.68,6.68,6.67
4576.15,9.46,2.76,9.46,2.76,-2.70,-2.65,6.75,6.75,6.69
4621.91,9.62,2.87,9.62,2.87,-2.76,-2.74,6.85,6.85,6.74
4668.13,9.66,2.85,9.66,2.85,-2.73,-2.68,6.92,6.92,6.80
4714.81,9.55,2.66,9.55,2.66,-2.60,-2.57,6.95,6.95,6.88
4761.96,9.39,2.39,9.39,2.39,-2.36,-2.30,7.03,7.03,6.99
4809.58,9.14,2.01,9.14,2.01,-2.00,-1.97,7.13,7.13,7.12
4857.67,8.83,1.57,8.83,1.57,-1.55,-1.51,7.27,7.27,7.25
4906.25,8.48,1.04,8.48,1.04,-1.02,-1.01,7.45,7.45,7.43
4955.31,8.07,0.45,8.07,0.45,-0.44,-0.42,7.63,7.63,7.61
5004.87,7.64,-0.17,7.64,-0.17,0.19,0.19,7.82,7.82,7.80
5054.91,7.20,-0.85,7.20,-0.85,0.83,0.83,8.03,8.03,8.04
5105.46,6.76,-1.51,6.76,-1.51,1.48,1.47,8.24,8.24,8.26
5156.52,6.33,-2.14,6.33,-2.14,2.12,2.10,8.45,8.45,8.46
5208.08,5.92,-2.76,5.92,-2.76,2.73,2.71,8.65,8.65,8.67
5260.16,5.53,-3.33,5.53,-3.33,3.29,3.26,8.82,8.82,8.85
5312.77,5.18,-3.82,5.18,-3.82,3.80,3.78,8.97,8.97,8.99
5365.89,4.83,-4.30,4.83,-4.30,4.23,4.19,9.05,9.05,9.12
5419.55,4.53,-4.68,4.53,-4.68,4.59,4.56,9.12,9.12,9.20
5473.75,4.28,-4.96,4.28,-4.96,4.89,4.85,9.16,9.16,9.23
5528.49,4.05,-5.19,4.05,-5.19,5.13,5.12,9.18,9.18,9.23
5583.77,3.84,-5.32,3.84,-5.32,5.33,5.32,9.17,9.17,9.15
5639.61,3.61,-5.47,3.61,-5.47,5.51,5.51,9.12,9.12,9.07
5696.00,3.35,-5.63,3.35,-5.63,5.69,5.69,9.03,9.03,8.97
5752.96,3.07,-5.78,3.07,-5.78,5.87,5.87,8.93,8.93,8.84
5810.49,2.74,-6.00,2.74,-6.00,6.06,6.08,8.80,8.80,8.73
5868.60,2.36,-6.22,2.36,-6.22,6.28,6.30,8.64,8.64,8.57
5927.28,1.94,-6.50,1.94,-6.50,6.51,6.53,8.45,8.45,8.43
5986.56,1.51,-6.79,1.51,-6.79,6.75,6.77,8.26,8.26,8.29
6046.42,1.08,-7.03,1.08,-7.03,6.99,6.99,8.07,8.07,8.10
6106.89,0.64,-7.27,0.64,-7.27,7.22,7.21,7.85,7.85,7.90
6167.96,0.23,-7.46,0.23,-7.46,7.43,7.40,7.65,7.65,7.68
6229.64,-0.18,-7.63,-0.18,-7.63,7.62,7.59,7.43,7.43,7.44
6291.93,-0.62,-7.77,-0.62,-7.77,7.78,7.78,7.16,7.16,7.14
6354.85,-1.07,-7.91,-1.07,-7.91,7.95,7.97,6.87,6.87,6.83
6418.40,-1.53,-8.04,-1.53,-8.04,8.10,8.09,6.56,6.56,6.50
6482.58,-2.01,-8.17,-2.01,-8.17,8.22,8.20,6.20,6.21,6.15
6547.41,-2.48,-8.27,-2.48,-8.27,8.30,8.27,5.82,5.82,5.78
6612.88,-2.92,-8.34,-2.92,-8.33,8.34,8.33,5.42,5.42,5.41
6679.01,-3.33,-8.43,-3.33,-8.42,8.33,8.30,5.00,5.01,5.09
6745.80,-3.72,-8.51,-3.71,-8.50,8.27,8.25,4.55,4.56,4.78
6813.26,-4.08,-8.59,-4.07,-8.57,8.15,8.13,4.07,4.09,4.50
6881.39,-4.40,-8.68,-4.37,-8.64,7.98,7.99,3.58,3.61,4.27
6950.21,-4.68,-8.79,-4.62,-8.72,7.77,7.77,3.08,3.14,4.10
7019.71,-4.94,-8.92,-4.83,-8.80,7.52,7.53,2.57,2.68,3.97
7089.91,-5.11,-9.05,-4.92,-8.83,7.24,7.24,2.13,2.32,3.93
7160.81,-5.18,-9.12,-4.85,-8.75,6.95,6.95,1.77,2.10,3.93
7232.41,-4.95,-8.95,-4.45,-8.35,6.65,6.66,1.70,2.21,3.99
7304.74,-4.64,-8.73,-3.92,-7.81,6.37,6.37,1.73,2.46,4.08
7377.79,-4.18,-8.37,-3.27,-7.09,6.10,6.10,1.92,2.83,4.18
7451.56,-3.68,-7.99,-2.70,-6.37,5.85,5.83,2.17,3.15,4.30
7526.08,-3.19,-7.61,-2.33,-5.79,5.64,5.64,2.44,3.30,4.41
7601.34,-2.72,-7.17,-2.21,-5.39,5.47,5.46,2.74,3.25,4.44
7677.35,-2.30,-6.69,-2.30,-5.20,5.35,5.37,3.05,3.05,4.38
7754.13,-1.94,-6.15,-2.51,-5.16,5.29,5.29,3.34,2.78,4.20
7831.67,-1.69,-5.61,-2.77,-5.23,5.27,5.29,3.58,2.51,3.91
7909.98,-1.49,-4.99,-3.03,-5.32,5.30,5.30,3.81,2.27,3.49
7989.08,-1.38,-4.32,-3.28,-5.43,5.37,5.38,3.99,2.08,2.93
8068.98,-1.43,-3.68,-3.52,-5.52,5.45,5.45,4.02,1.93,2.24
8149.67,-1.56,-2.97,-3.73,-5.59,5.54,5.53,3.97,1.81,1.40
8231.16,-1.77,-2.27,-3.92,-5.64,5.60,5.62,3.83,1.69,0.49
8313.47,-2.05,-1.60,-4.09,-5.66,5.64,5.63,3.59,1.56,-0.46
8396.61,-2.36,-0.92,-4.24,-5.66,5.65,5.64,3.29,1.42,-1.45
8480.57,-2.70,-0.32,-4.37,-5.65,5.65,5.65,2.94,1.28,-2.39
8565.38,-3.04,0.23,-4.48,-5.62,5.63,5.65,2.58,1.14,-3.28
8651.03,-3.38,0.66,-4.59,-5.59,5.59,5.60,2.21,1.00,-4.05
8737.54,-3.68,1.02,-4.69,-5.54,5.55,5.55,1.87,0.86,-4.71
8824.92,-3.93,1.34,-4.79,-5.50,5.51,5.50,1.57,0.72,-5.28
8913.17,-4.12,1.58,-4.88,-5.46,5.46,5.45,1.34,0.58,-5.71
9002.30,-4.32,1.70,-4.96,-5.41,5.41,5.40,1.09,0.45,-6.03
9092.32,-4.48,1.80,-5.04,-5.36,5.36,5.34,0.88,0.32,-6.29
9183.25,-4.65,1.78,-5.11,-5.32,5.32,5.32,0.66,0.20,-6.44
9275.08,-4.81,1.70,-5.18,-5.27,5.27,5.29,0.46,0.09,-6.52
9367.83,-5.00,1.44,-5.25,-5.22,5.23,5.23,0.22,-0.02,-6.45
9461.51,-5.18,1.12,-5.32,-5.18,5.18,5.18,-0.00,-0.14,-6.31
9556.12,-5.42,0.64,-5.38,-5.15,5.14,5.14,-0.28,-0.25,-6.07
9651.68,-5.67,0.05,-5.45,-5.11,5.10,5.11,-0.57,-0.35,-5.73
9748.20,-5.93,-0.67,-5.52,-5.09,5.08,5.09,-0.86,-0.44,-5.27
9845.68,-6.16,-1.44,-5.59,-5.06,5.06,5.08,-1.10,-0.53,-4.73
9944.14,-6.32,-2.23,-5.67,-5.05,5.06,5.22,-1.26,-0.60,-4.10
10043.58,-6.42,-2.99,-5.75,-5.03,5.08,5.38,-1.35,-0.67,-3.44
10144.02,-6.44,-3.73,-5.92,-5.09,5.10,5.66,-1.34,-0.82,-2.72
10245.46,-6.46,-4.46,-6.10,-5.15,5.14,5.93,-1.32,-0.96,-2.01
10347.91,-6.59,-5.30,-6.28,-5.21,5.19,6.07,-1.40,-1.09,-1.30
10451.39,-6.80,-6.15,-6.47,-5.27,5.25,6.22,-1.55,-1.21,-0.66
10555.91,-7.18,-7.16,-6.65,-5.33,5.32,6.32,-1.86,-1.33,-0.03
10661.46,-7.53,-8.02,-6.83,-5.40,5.39,6.42,-2.14,-1.44,0.48
10768.08,-7.86,-8.81,-7.02,-5.47,5.47,6.50,-2.39,-1.55,0.94
10875.76,-8.01,-9.30,-7.21,-5.54,5.54,6.59,-2.47,-1.67,1.28
10984.52,-7.72,-9.26,-7.40,-5.62,5.62,6.67,-2.11,-1.79,1.53
11094.36,-7.38,-9.07,-7.59,-5.69,5.69,6.76,-1.69,-1.90,1.68
11205.31,-7.05,-8.75,-7.79,-5.77,5.77,6.84,-1.28,-2.02,1.69
11317.36,-6.78,-8.35,-7.98,-5.85,5.85,6.93,-0.93,-2.13,1.56
11430.53,-6.82,-8.19,-8.18,-5.93,5.93,7.01,-0.89,-2.24,1.36
11544.84,-7.03,-8.10,-8.38,-6.02,6.02,7.09,-1.01,-2.36,1.06
11660.29,-7.32,-8.09,-8.58,-6.11,6.11,7.18,-1.21,-2.47,0.76
11776.89,-7.69,-8.13,-8.78,-6.20,6.20,7.26,-1.49,-2.58,0.43
11894.66,-8.10,-8.24,-8.98,-6.29,6.29,7.35,-1.81,-2.69,0.13
12013.60,-8.54,-8.46,-9.19,-6.39,6.39,7.43,-2.16,-2.80,-0.09
12133.74,-9.01,-8.79,-9.39,-6.49,6.49,7.52,-2.53,-2.91,-0.23
12255.08,-9.49,-9.29,-9.60,-6.58,6.58,7.61,-2.91,-3.01,-0.21
12377.63,-9.90,-9.81,-9.81,-6.69,6.69,7.69,-3.22,-3.12,-0.10
12501.41,-10.21,-10.33,-10.02,-6.79,6.79,7.78,-3.42,-3.23,0.11
12626.42,-10.45,-10.81,-10.23,-6.90,6.90,7.87,-3.55,-3.33,0.35
12752.68,-10.40,-10.97,-10.45,-7.01,7.01,7.96,-3.40,-3.44,0.56
12880.21,-10.29,-11.04,-10.66,-7.12,7.12,8.04,-3.17,-3.54,0.74
13009.01,-10.19,-11.05,-10.88,-7.23,7.23,8.13,-2.96,-3.65,0.85
13139.10,-10.29,-11.06,-11.10,-7.35,7.35,8.22,-2.94,-3.75,0.76
13270.49,-10.46,-11.01,-11.32,-7.47,7.47,8.31,-3.00,-3.85,0.54
13403.20,-10.69,-10.89,-11.54,-7.59,7.59,8.39,-3.10,-3.95,0.19
13537.23,-10.92,-10.65,-11.77,-7.71,7.71,8.48,-3.21,-4.05,-0.28
13672.60,-11.10,-10.26,-11.99,-7.84,7.84,8.57,-3.27,-4.15,-0.85
13809.33,-11.21,-9.73,-12.22,-7.97,7.97,8.65,-3.25,-4.25,-1.49
13947.42,-11.27,-9.08,-12.45,-8.10,8.10,8.74,-3.18,-4.35,-2.20
14086.90,-11.10,-8.18,-12.68,-8.23,8.23,8.82,-2.87,-4.45,-2.93
14227.77,-10.78,-7.13,-12.91,-8.36,8.36,8.91,-2.42,-4.54,-3.66
14370.04,-10.31,-5.96,-13.14,-8.50,8.50,8.99,-1.81,-4.64,-4.36
14513.74,-9.78,-4.80,-13.38,-8.64,8.64,9.08,-1.14,-4.74,-4.99
14658.88,-9.26,-3.71,-13.61,-8.78,8.78,9.16,-0.48,-4.83,-5.56
14805.47,-8.88,-2.88,-13.85,-8.93,8.93,9.24,0.04,-4.92,-6.01
14953.52,-8.64,-2.29,-14.09,-9.07,9.07,9.32,0.43,-5.02,-6.36
15103.06,-8.68,-2.14,-14.33,-9.22,9.22,9.40,0.54,-5.11,-6.55
15254.09,-8.91,-2.30,-14.57,-9.37,9.37,9.48,0.46,-5.20,-6.62
15406.63,-9.19,-2.75,-14.82,-9.53,9.53,9.56,0.33,-5.29,-6.45
15560.70,-9.60,-3.42,-15.06,-9.68,9.68,9.64,0.08,-5.38,-6.19
15716.30,-10.07,-4.23,-15.31,-9.84,9.84,9.72,-0.23,-5.47,-5.85
15873.47,-10.62,-5.20,-15.56,-10.00,10.00,9.79,-0.62,-5.56,-5.43
16032.20,-11.31,-6.30,-15.81,-10.16,10.16,9.86,-1.15,-5.65,-5.02
16192.52,-12.16,-7.56,-16.06,-10.33,10.33,9.94,-1.83,-5.73,-4.61
16354.45,-13.24,-9.00,-16.32,-10.50,10.50,10.01,-2.75,-5.82,-4.25
16517.99,-14.49,-10.50,-16.57,-10.67,10.67,10.08,-3.83,-5.90,-4.00
16683.17,-15.95,-12.11,-16.83,-10.84,10.84,10.15,-5.11,-5.99,-3.85
16850.01,-17.43,-13.53,-17.09,-11.01,11.01,10.21,-6.42,-6.07,-3.91
17018.51,-18.72,-14.59,-17.35,-11.19,11.19,10.28,-7.53,-6.16,-4.14
17188.69,-19.54,-15.09,-17.61,-11.37,11.37,10.34,-8.17,-6.24,-4.46
17360.58,-20.18,-15.31,-17.87,-11.55,11.55,10.40,-8.63,-6.32,-4.88
17534.18,-20.59,-15.24,-18.14,-11.74,11.74,10.46,-8.86,-6.40,-5.36
17709.53,-21.00,-15.10,-18.40,-11.92,11.92,10.52,-9.08,-6.48,-5.91
17886.62,-21.42,-14.96,-18.67,-12.11,12.11,10.57,-9.31,-6.56,-6.47
18065.49,-21.83,-14.79,-18.94,-12.30,12.30,10.63,-9.53,-6.64,-7.05
18246.14,-22.24,-14.61,-19.21,-12.50,12.50,10.68,-9.75,-6.72,-7.64
18428.60,-22.65,-14.42,-19.49,-12.69,12.69,10.73,-9.96,-6.80,-8.24
18612.89,-23.07,-14.24,-19.76,-12.89,12.89,10.78,-10.18,-6.87,-8.84
18799.02,-23.48,-14.05,-20.04,-13.09,13.09,10.82,-10.39,-6.95,-9.44
18987.01,-23.89,-13.84,-20.31,-13.29,13.29,10.86,-10.60,-7.02,-10.06
19176.88,-24.30,-13.71,-20.59,-13.50,13.50,10.90,-10.81,-7.10,-10.60
19368.65,-24.72,-13.67,-20.87,-13.70,13.70,10.94,-11.02,-7.17,-11.06
19562.33,-25.13,-13.65,-21.16,-13.91,13.91,10.98,-11.22,-7.24,-11.49
19757.96,-25.54,-13.75,-21.44,-14.13,14.13,11.01,-11.42,-7.31,-11.80
19955.54,-25.95,-14.01,-21.73,-14.34,14.34,11.05,-11.61,-7.39,-11.95
